;status_id;handcoding;text
1;1,22E+18;2;"@Kl_Stone @DieKrusen @hmger_hoerby @klima_allianz @BMWi_Bund @peteraltmaier @WWF_Deutschland @greenpeace_de @bund_net @FridayForFuture @tagesschau @campact @SvenjaSchulze68 @OlafScholz Die Temperaturen auf der Erde liegen zwischen -40°C (Antarktis, Sommer) und +55°C (Afrika, Tunesien), das macht eine Temperaturdifferenz von 95 °C.
Warum sollte jetzt bei einem Anstieg um +1,5°C die Welt untergehen? 
<U+0001F9D0>

 #FridaysForFuture"
2;1,22E+18;0;"1255 Der Opernplatz in #Hannover ist inzwischen gut gefüllt. 

#FridaysForFuture #h1701 https://t.co/8UfB23CneT"
3;1,22E+18;2;"was wohl passieren würde, wenn #FridaysForFuture nachher die Abreise der #Treckerdemo blockieren würde?

#Bauernproteste #bauersuchtfrau #Agrarextremisten #Nitratsau #Umweltsau #Dresden"
4;1,22E+18;2;Die Klima - Fetischisten sollten sich zuallererst einmal alle 1.500 McDonalds Restaurants in Deutschland vorknöpfen, wo tagtäglich Leute wegen kleiner runder Tierkadaver im McDrive anstehen und mit laufenden Motoren rund um die Uhr deshalb die Umwelt verpesten.#FridaysForFuture
5;1,22E+18;1;"Ein Vertreter der evangelischen Kirche spricht bei der Anti-#Datteln4-Demo. Er redet über die ""prophetische Kraft der Jugend"" und appelliert, jeder einzelne könne einen kleinen Beitrag zur Rettung des Klimas leisten. #FridaysForFuture https://t.co/eFF5HuW3zY"
6;1,22E+18;1;"Warum nicht eine gemeinsame Demo für einen verantwortungvolleren Umgang mit Lebensmitteln und für eine nachhaltigere Wirtschaftspolitik? #Treckerdemo &amp; #FridaysForFuture"
7;1,22E+18;2;"#NieWieder
Doch es ist schon wieder !
#FridaysForFuture erpresst erfolgreich die Bundesregierung. 
#Hitler und die #Nazis erpressten  Hindenburg
Nazis wie Julius Streicher hetzen gegen Juden
FridaysforFuture hetzt gegen Firmen wie #Siemens usw
FridaysforFuture sind die #Neonazis"
8;1,22E+18;1;Am 22.1.2020 findet der Medienpädagogische Fachtag der Stuttgarter Kinderfilmtage statt mit einem spannenden und aktuellen Thema! #medienpädagogischerfachtag #mediennachhaltig #fridaysforfuture https://t.co/HaaHu0VnZo
9;1,22E+18;2;"Liebe #Klima-Hüpfer von #FridaysForFuture, könnt ihr bitte folgende 3 Artikel lesen und endlich das Denken wieder anfangen? #Dorfkinder 

1 https://t.co/3bjoIVpeII

2
https://t.co/IoxTBJKNWC

3
https://t.co/lEdTfai2dC"
10;1,22E+18;0;"@Sektenbeauftr Sorry, aber ich kenne das ganze Video (auch in der ungekürzten Version mit rund 14 Minuten)

Daß der aktuelle Klimawandel ""nicht menschengemacht"" ist, sagt Lesch an keiner Stelle in diesem Video.

#FridaysForFuture"
11;1,22E+18;2;"@Jungmucker @twibarth @nesjaja @badulrichmartha @KathrinAnna <U+0001F602><U+0001F602><U+0001F602> Vielleicht können wir ja erstmal aufhören den teuren, umweltschädlichen ""Ökostrom"" zu verschenken! Denn so dämlich waren nicht einmal die Kommunisten! #FridaysForFuture 

https://t.co/KEUtSXmGKs"
12;1,22E+18;1;"@maybritillner @ZDF @peteraltmaier @carla_reemtsma @kerstinandrea @bdew_ev @FridayForFuture @carla_reemtsma war großartig und Frank Schätzing, neben Carla, wohl der einzige der begriffen hat, dass unsere Erde brennt.
Unsere Erde brennt, bedeutet, dass unsere Kinder und deren Kinder und Kindeskinder brennen werden.

Wann wird das begriffen werden?

#FridaysForFuture"
13;1,22E+18;0;"@Joe_Kicrows Nein, aber man stellt sich bei EIKE absichtlich dumm.

So weiß man z.B. sehr genau, warum sich der Mars erwärmt Daran ist nichts Geheimnisvolles. Es liegt an einer Änderung der Albedo (siehe Artikel)

#FridaysForFuture 

https://t.co/fhkYKQGTal"
14;1,22E+18;0;"<U+0001F1E9><U+0001F1EA>Energiebedarf
Di 06:15 Uhr z Zt 65,5 GW
<U+0001F300>&amp;<U+0001F31E>liefern 19 GW
Kohle &amp;<U+269B><U+FE0F>28 GW

#Kohleausstieg #Klimakabinett #Energiewende #Scientist4Future #ParentsForFuture #FridaysForFuture #fridayforfuture
@cducsubt
@spdbt
@fdp
@Die_Gruenen
@CDUMerkel
@peteraltmaier
@ArminLaschet
@CKemfert https://t.co/GMrOZmm0iz"
15;1,22E+18;0;"14 Jahre alt und leider immer noch so...
#FridaysForFuture https://t.co/2QFPdujZle"
16;1,22E+18;2;#Fridaysforfuture #China Was d. Klimabeweg. übersieht ist, dass #5G, #SpaceX + d. sich weltw. einschleichenden Dominazansprüche Chinas m. völliger mind control d. größeren Gefahren unserer Zukunft sind. Dort wird d. emotionale Schwingungsfähigkeit bereits bei Kindern unterdrückt.
17;1,22E+18;1;Die Klimabewegung #FridaysForFuture will in diesem Jahr verstärkt Unternehmen in die Verantwortung nehmen. Das kündigte Klimaaktivistin Luisa #Neubauer am Donnerstagabend an. #FFF https://t.co/bEpGxQjwHd
18;1,22E+18;1;"#FridaysForFuture  
wenn keiner den ersten Schritt macht, dann macht keiner den ersten Schritt 
und dann geht nichts"
19;1,22E+18;0;"Was bedeutet die Regierungsbeteiligung der #Grünen für Österreichs #Industrie? Ein Gespräch mit #IV-Chef Christoph Neumayer über die Vorhaben der neuen türkis-grünen Regierung. #tuerkisgruen #FridaysForFuture 

https://t.co/8Xk72R08uy via @DiePressecom"
20;1,22E+18;1;"McKinseys Schreckensszenario Klimawandel: ""Hunderte Millionen Menschenleben, Billionen von Dollar"" https://t.co/f4N2292SRt via @derspiegel 

@CDU @spdde Dieses mal ist es nicht #FridaysForFuture oder Wissenschaftler, sondern Experten, wie ihr sie nennt. Was wird getan und wann?!"
21;1,22E+18;1;Rund 450 Menschen, darunter zahlreiche Jugendliche aus 25 Ortsgruppen der #FridaysForFuture-Bewegung, haben sich an diesem Freitag vor dem Hauptbahnhof #Magdeburg versammelt. https://t.co/za5YU6E46b
22;1,22E+18;1;"@watch_union Warum wird das Thema #MiniPV europaweit nicht ernst genommen !? Damit kann fast jedermann mit kleinem Geld den #Grundbedarf an Strom in seinem Haushalt abdecken +einen spürbaren Beitrag zur #Energiewende leisten !?
#Photovoltaik #GuerillaPV #BalkonPV #fridaysforfuture #Klimapaket"
23;1,22E+18;1;"@derspiegel Es wimmelt von Naiven, die auf Pseudo-Wissenschaftler reinfallen.
#FridaysForFuture"
24;1,22E+18;1;Erinnerungsgedanken aus herbstlichen Tagen des letzten Jahres. #FridaysForFuture #ExtinctionRebellion #Klima https://t.co/ypFMJp1Pa9
25;1,22E+18;1;"#FridaysforFuture  #Klimaerwärmung

1000 zusätzliche Flüge für Klima in Davos<U+0001F606>
#Flugscham ? Sie verarschen Euch, sie verhöhnen Euch, Sie benutzen Euch!

1000 Hin- oder Rückflügen kleine und größere Staatsmaschinen, Geschäftsreiseflugzeuge und Helikopter. 
https://t.co/BGYIvbWQso"
26;1,22E+18;0;"Hi #FridaysForFuture, kennt Ihr @Bubbly_Tree? Durch das Ansehen einer 50sek Werbung auf https://t.co/1ZFVN5R1Rk wird ein Baum mit @Treesftf gepflanzt - und man kann die Werbung so oft ansehen wie man will! 

Bitte ausprobieren und teilen <U+0001F642><U+0001F333>

#Klimaschutz
#Aufforstung https://t.co/uBA4TR8TQm"
27;1,22E+18;0;"""Im März sind die weg."" - everybody 2019 #Mainz #FridaysForFuture https://t.co/tSQSZXHWoJ"
28;1,22E+18;0;"@MikeGasche @hallooooo_welt @LahorJakrlin @RepublikMagazin ""Öffentlich"" heißt, daß jeder sich die Bilder anschauen darf.

Das bedeutet nicht, daß jeder Depp sie nach Gutdünken verwenden, eine Kollage daraus machen und sie weiterposten darf

Dies zu tun ist zwar nicht strafbar, aber es sagt was über den Charakter 

#FridaysForFuture"
29;1,22E+18;0;"@Kl_Stone Ich mache lediglich darauf aufmerksam.

Je weniger Eigenleistung, desto höher die Gewissheit und der Drang, anderen Vorschriften zu machen.

Man fordert Dinge leichter, wenn andere die Lasten tragen müssen.

#FFF #FridaysForFuture #MaybritIllner"
30;1,22E+18;1;"16.01.  23:00  Aktuell werden 55% des d. Strombedarfs (66,5 GW) aus regenerativen Quellen abgedeckt. Im Ranking aller Quellen liegen auf den ersten 5 Plätzen:

1. Wind 42%
2. Kohle 21%
3. Atom 11%
4. Gas 8%, 
5. Biom. 8%

Exporte 6,7 GW höher als Importe

#FridaysForFuture https://t.co/W7HXHxudlH"
31;1,22E+18;0;"@polimart1 Aber im Gegensatz zu dem, was Sie vermutlich glauben, hat das Eine nicht das geringste mit dem Anderen zu tun.

#FridaysForFuture"
32;1,22E+18;1;"@rene_dpba @bund_net Alles was über Wissen
 für 1 #Brötchenbon-Gesetz 
hinaus geht,überfordert die werteunionsgroko.
""Nur Geld allein regiert die Welt,
dazu verhilft Betrügen+ wer sich noch
so redlich hält, wird bald schon unterliegen.""
#Wissenschaft bleibt ungefragt,  
#FridaysForFuture fort gejagt."
33;1,22E+18;1;Das #WEF20 in #Davos will unbedingt grün daher kommen. Deswegen gibts jetzt Spikes für Schuhe,  Pappbecher und am Mittwoch nur vegetarische Menues. Und natürlich 100 Prozent klimaneutral. Was #Thunberg davon hält, wird sie morgen sagen können. #fff #FridaysForFuture https://t.co/m5dFVJc5Ei
34;1,22E+18;2;"UPDATE (5 neu):
Blüten der Öko- und #Klimahysterie : Der Sozialismus siegt! Dieses Mal im grünen Gewand.
https://t.co/xWW5nLUtjl

#Klimawandel #Klimakrise #Klimanotstand  #FridaysForFuture #Klimakabinett #Klimaschutzgesetz #ExtinctionRebellion #GretaThunberg #UnwortdesJahres"
35;1,22E+18;2;"@kann_nix_dafuer Tja, zum Glück haben Sie nichts zu entscheiden und werden auch nie etwas derartiges zu entscheiden haben....

#FridaysForFuture"
36;1,22E+18;1;"Nach einer Atempause von gut einer Woche kehrt die Hitze nach New South Wales (Ostaustralien) zurück    #FridaysForFuture 

Sydney forecast to hit 40 degrees as NSW bushfire danger returns https://t.co/HfwghWIO0B via @smh"
37;1,22E+18;1;"Guten Morgen! Heute wichtig: 
- Landwirte demonstrieren in #Mainz und #Stuttgart gegen die #Agrarpolitik der Bundesregierung. Grund ist der Start der Grünen Woche #IGW2020 in Berlin. 
- In Mainz ist außerdem die bundesweite #FridaysForFuture.
https://t.co/eD5nmBgTlQ https://t.co/QcQnqWHVsy"
38;1,22E+18;1;"@WOLKEFN @AKND_de Unfug. Die energetische Amortisationszeit von Solarpaneelen liegt bei 1,5-4 Jahren. Ihre mögliche Betriebszeit bei &gt;30 Jahren.

Daraus ergibt sich, daß sie während ihrer Betriebszeit sehr viel mehr Energie (sauber) herstellen, als ihre Herstellung benötigt

#FridaysForFuture"
39;1,22E+18;0;"Manch Mal trifft es Satire doch ganz gut... Danke @extra3
#FridaysForFuture 
https://t.co/cas0N2oEKZ"
40;1,22E+18;1;"@hope_no1 Protestbewegungen protestieren gegen Mißstände und fordern Veränderungen ein. So etwas zu organisieren oder daran teilzunehmen ist laut GG das Recht eines jeden Menschen in Deutschland.

Eine besondere andere ""demokratische Legitimation"" braucht es dafür nicht.

#FridaysForFuture"
41;1,22E+18;2;"Schon dämlich, wenn man anderen Zeitgenossen Bildungslücken attestiert, selbst aber die  Rechtschreibung nicht beherrscht. 

#fff #FridaysForFuture https://t.co/QuMeR4NB56"
42;1,22E+18;1;@futurefridaysDO @stadtdortmund Hier sind die Deutschen noch unter sich #FridaysForFuture
43;1,22E+18;1;#Finnland wenden immer mehr #Menschen alternative Forstmethoden an, um dem #Ökosystem #Wald auch in Zukunft das Überleben zu sichern. #Biodiversität #klimakrise #forest4future #FridaysForFuture #Anthropozän https://t.co/ArluxLsKMk
44;1,22E+18;1;"Perle der #Ingenieure-Kunst. TV-Beitrag aus den 90'ern zum Thema #Verkehrswende in #Deutschland:

CC:
#FridaysForFuture
#Klimawandel
#Umweltschutz
@Luisamneubauer
@FridayForFuture
@EskenSaskia
@AndiScheuer
@nicolabeerfdp
@echo_pbreyer
@nicosemsrott

https://t.co/Vfyn3gSRaQ"
45;1,22E+18;1;Das #Unwort des Jahres? Hätte nicht besser laufen können! #ReichweiteGegenRechts #FairerUmgangMiteinander #niewieder #wirsindmehr #Zivilcourage #NoAfD #EyesOpen  #RiseAbove #nohate #NeueRechte #Klimaleugner #FridaysForFuture #Klimaschutz #Klima #Klimawandel #Klimahysterie https://t.co/g0OChSzpyL
46;1,22E+18;1;Ich bin heute in Mainz bei der #DieUhrTickt Demo von #FridaysForFuture @FridayForFuture https://t.co/Rha6CLf6kw
47;1,22E+18;1;TV-Legende Jean Pütz warnt vor geplanter #Energiewende. #Fridaysforfuture #FFF #F4F #Grüne #Baerbock #Habeck #Kohleausstieg #Kernenergie #EEG #Bundesregierung #Merkel #Groko  https://t.co/okQ0gpcCQF via @YouTube
48;1,22E+18;0;"#Klimaschutz in Deutschland: Seit einem Jahr demonstrieren #FridaysForFuture, vor knapp einem Monat wurde das #Klimapaket verabschiedet. Wie effektive &amp; sozialverträgliche #Klimapolitik unserer Meinung nach aussehen sollte: https://t.co/whtG6YO1m4 https://t.co/ltz26KfTmJ"
49;1,22E+18;1;#LuisaNeubauer weist #Trump-Kritik an #Klimaschutzbewegung zurück https://t.co/Fhx3m52C17 #Nachrichten #Politik #berlinersonntagsblatt #news #Deutschland #Politiker #Wirtschaft #FridaysforFuture #Klimaschutz
50;1,22E+18;1;"So, der PKW ist verkauft, eine Ersatzbeschaffung nicht geplant. Damit gibt es ab jetzt kein Fahrzeug mit Verbrennungsmotor im Haushalt <U+0001F642>
#FridaysForFuture"
51;1,22E+18;0;Kretschmer hält Wiedereinstieg in Atomkraft für denkbar • Je schwieriger sich die #Energiewende gestaltet, je absehbarer Stromengpässe werden, je mehr #FridaysForFuture #Klima-Kampagne verschärft, um so wahrscheinlicher wird Renaissance der Atomenergie https://t.co/HJL22t4p1G
52;1,22E+18;0;"Wir haben jetzt mal unser Icon geändert - aus Gründen!

#Energiewende
#Klimaschutz
#Klimanotstand
#Kohleausstieg
#Kohlekompromiss
#EndeGelände
#FridaysForFuture
#Scientists4Future
#ExtinctionRebellion
#Datteln4
#Datteln4StoppenWir
#AlleDoerferBleiben 
#HambiBleibt https://t.co/Bc9sYcC11H"
53;1,22E+18;1;"@a_pbh Wen interessiert, was Gloria von Thurn und Taxis zum Thema Klimawandel sagt.

#FridaysForFuture"
54;1,22E+18;1;"Am Freitag gehen wir wieder auf die Straße! Wir fordern ein konsequentes Klimaschutzkonzept unserer Stadt und unserer Regierung auf Landes und Bundesebene!

#FridaysForFuture #fffhalle #Halle"
55;1,22E+18;1;"Das hören wir gern!!
Machen wir was draus.

Wir sind hier. Wir sind laut. Weil ihr uns allen die Zukunft klaut.

#DieUhrTickt #mainz1701 #FridaysForFuture https://t.co/0vmA3046ZT"
56;1,22E+18;1;"@PeterKlemisch ""....die Grünen haben den Zenit überschritten...""

Auf welcher Welt genau leben Sie???

#FridaysForFuture https://t.co/a0yJAKWQ3i"
57;1,22E+18;2;"Sorry aber vor diesem  aroganten Mädchen habe ich weder Respekt noch sonst was . Wer Schule Schwänzt und andere dazu anstiftet, hat in mein Augen kein respekt verdient! 
#FridaysForFuture  #LuisaNeubauer"
58;1,22E+18;0;Natürlich darf .@dieternuhr Witze über #fridaysforfuture oder .@Luisamneubauer machen, aber er hat sich wohl da auf etwas eingeschossen mit seinem politischen Denken. Ist mir unsympathisch und schadet der Klimabewegung indirekt! #Nuhr #ARD #Klimawandel
59;1,22E+18;1;"@Sektenbeauftr Ok, dann glaub halt weiter an ""alternative Wissenschaft""

#FridaysForFuture"
60;1,22E+18;1;"@c_kronenberg @HansLak Warum wird das Thema #MiniPV europaweit nicht ernst genommen !? Damit kann fast jedermann mit kleinem Geld den #Grundbedarf an Strom in seinem Haushalt abdecken +einen spürbaren Beitrag zur #Energiewende leisten !?
#Photovoltaik #GuerillaPV #BalkonPV #fridaysforfuture #Klimapaket"
61;1,22E+18;1;"""Ich bin Vanessa Nakate, Klimaaktivistin aus Uganda.

Ich möchte Sie wissen lassen, dass es für Afrika keine Frage der Zukunft mehr ist, sondern der Gegenwart!

Es geht nicht mehr um #FridaysForFuture, sondern um Fridays for Now.""
#Klimagerechtigkeit

https://t.co/LskjhCfzJg"
62;1,22E+18;2;@patrick_pana Den #FridaysForFuture Kids ist das nicht klar, aber sie agieren als Agenten ausländischer und antideutscher Interessen um unseren Wirtschaftsstandort zu ruinieren und Geld ins Ausland abfliessen zu lassen.
63;1,22E+18;2;"War „Schulschwänzen“ schon anno dazumal ein Thema? <U+0001F631>
#Fridaysforfuture #DieLinke #Demo #Kassel https://t.co/qe4ehXLm0x"
64;1,22E+18;1;#stadtdatteln #fortum #datteln4 #fridaysforfuturegermany #fridaysforfuture #davos #powertothepeople Wo seid Ihr am 24.? postet eure Aktionen  in den Kommis https://t.co/FjTxwYMQZP https://t.co/LnvVXclFfg
65;1,22E+18;2;@Odinshome @jochen_rohrberg @and_smartie @Hammaburg2 @Ofenschlampe @AfDSalzgitterKV @WirtschaftDE @hackenstad @tinschu_susi @Connybub @kleineclaudia1 @Chlodwig14 Es ist so traurig was #FridaysForFuture da fabriziert. Anstatt zu studieren und zu forschen wird nur geklatscht, und Haltung gezeigt. Wo soll das noch hinführen?
66;1,22E+18;0;"Schönes Foto, wie @GretaThunberg professionell in Szene gesetzt wird.
#fridaysforfuture https://t.co/h8uUIREe9V"
67;1,22E+18;0;"@BonnFuture Beste Playlist!
#mainz #FridaysForFuture"
68;1,22E+18;1;"Ostaustralien fällt von einem Wetterextrem ins andere. Heftige Regenfälle und Überschwemmungen. Trotzdem brennen noch rund 80 große Feuer.
#FridaysForFuture

Thunderstorm risks mount as Sydney dam dodges contamination for now https://t.co/WQgGjdK2Dh via @smh"
69;1,22E+18;0;"@Nightingal_news @KlimaAllianzCH @rogerfederer Ist ja witzig, dass ausgerechnet depressive Paranoiker von Fakten reden wollen.
Aber du hast recht. DAS sind die echten wissenschaftlichen Fakten:
https://t.co/uVdf1QznHJ

#Klimakrise #Klimapolitik #FridaysForFuture 

Holz und Torffunde, datiert u.a. von Thomas Stocker, Uni Bern. https://t.co/P4UzKSC3Wb"
70;1,22E+18;2;Wenn es um die „brandaktuellen Themen“ wie Emmisionshandel und Klimawandel geht, steigt die Spannung bei unserer hüpfenden Jugend schier ins Unermessliche #Bundestag #FridaysForFuture https://t.co/0gazBveUlS
71;1,22E+18;2;"@Yannick_Haan Ist das nicht sogar eine Milchstraßen-weite Bewegung? Die übrigens für genau nichts eine Lösung hat. 
#fff
#FridaysForFuture"
72;1,22E+18;1;"Der Forst ist nur ein Symbol, klar.

Aber was bedeutet dieses Symbol wenn es von einer Kohlegrube ""umzingelt"" wird?

#FridaysForFuture #EndCoal
@HambiBleibt https://t.co/pN2J3nlFAV"
73;1,22E+18;1;JP Performance, der Xavier Naidoo der #Klimaleugner. #Klimawandel #FridaysForFuture https://t.co/5b7aCuMT5S
74;1,22E+18;1;Jetzt bei der 1. Klimakonferenz für Jugendliche im Neuwieder Big House. Tolle Initiative unseres #jugendbeiratneuwied ! Möchte mir die Vorträge anhören. #klimawandel #klimanotstand #fridaysforfuture #dielinkerlp #dielinke https://t.co/nQZriDjAD1
75;1,22E+18;0;Davos - Faire Kritik von <U+2066>@MarleneJWeiss<U+2069> an <U+2066>@GretaThunberg<U+2069>: Noch steigen die Emissionen, aber viel ist in den letzten Monaten passiert. (via @SZ). #FridaysForFuture <U+2066>@FridayForFuture<U+2069> <U+2066>@Germanwatch<U+2069> <U+2066>@_GermanZero<U+2069>  https://t.co/gAbmGjAZVm
76;1,22E+18;1;12000 bei der #FridaysForFuture Demo in #Mainz. So viele laufen sonst nur an #Fastnacht durch die Stadt. https://t.co/17ATNoMz0n
77;1,22E+18;1;"#Klimagerechtigkeit ist #Menschenrecht, heute sind Aktivisti der Bonner Ortsgruppe beim #WomansMarch2020 dabei.
Es ist Zeit zu handeln. Dieses Jahr werden wir von #ExtinctionRebellion gemeinsam mit #FridaysForFuture und #endegelaende dafür kämpfen.
#ActNow https://t.co/slHzMrRTaU"
78;1,22E+18;2;"@JSie78 @FridayForFuture Die #Deutungshoheit für die Interpretation des Wortes #Konsens und allem, was sich hieraus folgend ableiten läßt, liegt bei #FridaysForFuture und #GleichGeschalteten. 

Und #Demokratie ist nicht systemisch füt die Gesellschaft, sondern wurde zum sprachlichen Mittel erkoren."
79;1,22E+18;2;"@think_use @MannEinfachSo @SophiaMariaKa So schlecht hört sich ""lustbetont denken und handeln"" ja nicht an. Vielleicht besser, als aus einer verkniffenen, frustrierten lustlosen Weltsicht heraus handeln.

#FridaysForFuture"
80;1,22E+18;1;"Das Grundsatzpapier von Greta Thunberg und 20 Anderen zu Davos, daß vor kurzen im Guardian veröffentlicht worden ist, nun auch in deutsch.   #FridaysForFuture 

Setzt dem Wahnsinn ein Ende!: https://t.co/PTfJ1WKIUT via @derfreitag"
81;1,22E+18;1;"@KikuttSilvia @hmger_hoerby @klima_allianz @BMWi_Bund @peteraltmaier @WWF_Deutschland @greenpeace_de @bund_net @FridayForFuture @tagesschau @campact @SvenjaSchulze68 @OlafScholz Aber genau dies macht die Bemerkung von @hmger_hoerby zu Unsinn. Der aktuelle Wert kann kein ""historischer Tiefststand"" sein, wenn es der höchste Wert der letzten 2 Millionen Jahre ist.

Und in der Zeit davor gab es keine menschliche Zivilisation. 

#FridaysForFuture"
82;1,22E+18;1;@der_johannsen Vielleicht mal bei den Repräsentanten anfragen mit was die wohl so ihre großen Villen warm halten. Von Singen klatschen und Hüpfen wird es nicht kommen. #Hamburg #FridaysForFuture
83;1,22E+18;2;Wokeness heisst die gesteigerte Form der Political Correctness: Sei wach, richte über andere, und fühle dich gut dabei | #FridaysForFuture  https://t.co/Kj1qdCUqpp
84;1,22E+18;1;"@maybritillner @ZDF @peteraltmaier @carla_reemtsma @kerstinandrea @unternehmer_nrw @bdew_ev @FridayForFuture Guten Morgen, @peteraltmaier!
Ein Dringlichkeitsgespräch mit uns zu klimagerechten #Kohleausstieg macht nur Sinn, wenn Kanzlerin #Merkel mit am Tisch sitzt. Dann wäre ich dazu bereit und halte es für dringend notwendig! 
@RegSprecher #FridaysForFuture @kainiebert @Olaf_Bandt"
85;1,22E+18;1;Wer 23-Jährige „Kinder“ nennt, hat im @handelsblatt nichts verloren. #FridaysForFuture https://t.co/xXhl3EWs7f
86;1,22E+18;1;@BMWi_Bund @wdanslesnuages @MBauchmueller @SvenjaSchulze68 @peteraltmaier Sie verneinen,dass die Dörfer vernichtet werden müssen.Sagen jedoch die Dörfer werden weichen müssen.Was denn nun? Hä oder hott? Wir werden jedenfalls in unseren Dörfern bleiben, die komplette #Klima|bewegung wird uns dabei unterstützen! #AlleDörferBleiben #FridaysForFuture
87;1,22E+18;0;"@Atomreisfleisch @Volksverpetzer @krautreporter @uebermedien @BILDblog Nun immerhin hat sie es mit ihrer gestrigen Rede geschafft, daß sich die internationale Presse mehr mit dem Inhalt ihrer Rede beschäftigt, als mit ihrer Person

#FridaysForFuture

https://t.co/gkXWVrbAnl"
88;1,22E+18;1;"@Agenturhund_K Ich hab heute unter dem Hashtag #FridaysForFuture noch keinen einzigen aggressiven Kommentar gegenüber der #Treckerdemo gelesen. Und ich lese heute schon die ganze Zeit Tweets unter diesem HT

Wo lesen Sie solche Kommentare?"
89;1,22E+18;2;#HIARON hat eine lustige Umfrage bei #Fridaysforfuture Teilnehmern gemacht. Tja, es war ernüchternd. Es sei denn er hat die ganzen Brains rausgeschnitten oder nicht befragt...
90;1,22E+18;0;"@XIIIMessias @OAGM202 @hmger_hoerby @klima_allianz @BMWi_Bund @peteraltmaier @WWF_Deutschland @greenpeace_de @bund_net @FridayForFuture @tagesschau @campact @SvenjaSchulze68 @OlafScholz Sehen Sie, auch hier haben Sie wieder überhaupt keine Ahnung.

Die meisten der 193 von der Polizei angesprochenen Menschen wurden lediglich verwarnt, weil sie gegen das im einigen Bezirken geltende absolute Feuerverbot verstoßen (Rauchen im Freien...) hatten.

#FridaysForFuture"
91;1,22E+18;1;"#FridaysForFuture 
Hut ab! Bei der teilweise penetrant-überheblichen Art der Gesprächsführung durch Herrn #Krons so sachlich souverän und trotzdem sympathisch zu bleiben ist schon eine reife Leistung, Luisa #Neubauer.
@Luisamneubauer https://t.co/4ZkE4mkzuM"
92;1,22E+18;0;Ist der deutsche #kohlekompromiss und #Datteln4 inspiriert von chinesischer HFC-23 Reduktion? #Klimakrise #FridaysForFuture https://t.co/XTVheYP0F4
93;1,22E+18;1;"So heute in einer Woche gehe 
ich auf die FFF Demo in Duisburg. 
Ich bin mal gespannt wie viele mitmachen. 
<U+2606>----------<U+2606>
#FridaysForFuture #FridaysForFutureGermany #FridaysForFutureDuisburg #FridaysForFutureItaly 
#GretaThurnberg #Badwolfandy #Wolfis 
<U+2606>----------<U+2606>
<U+0001F49A><U+0001F43A><U+0001F30D><U+0001F43A><U+0001F49A> https://t.co/DqXh1C7Usc"
94;1,22E+18;0;"@hessenpixel Vielleicht eher, weil es so herrlich zu Deinen Vorurteilen passt. Für mich sieht das sehr nach einen Fake aus.

Oder kannst Du tatsächlich einen authentischen Aufkleber, oder eine Äußerung präsentieren, die diese angebliche Ähnlichkeit stützen könnte?

#FridaysForFuture"
95;1,22E+18;1;"TV-Legende Jean Pütz warnt vor geplanter #Energiewende 
https://t.co/fYjOPVNkik
#Illner 
#Blackout 
#es2050 #FridaysForFuture #Klimastreik #Klimaschutz"
96;1,22E+18;2;"Völlig richtige Analyse. Der Freispruch der aklimaaktivisten war ein Fehlentscheid. Richter haben Recht zu sprechen und nicht Recht zu setzen! Bravo @ProfNiggli ! #klimaaktivismus #FridaysForFuture 

https://t.co/Zi3cbC6qTB"
97;1,22E+18;2;"@FraukeNeubauer Frau #Neubauer, führende Köpfe von #fridaysforfuture unterstützen die Terrororganisation #Antifa ! <U+0001F621>

Keiner soll später UNSEREN Enkeln sagen, dass er das nicht gewusst hat! <U+2763>

https://t.co/KvMJqoOS9q

#Greta #Thunberg #Davos #Trump"
98;1,22E+18;1;"Liebe Groko,
#Datteln4 darf nie in Betrieb gehen.
2038 ist zu spät.
1,5 Grad sind unverhandelbar.
Das sagt nicht nur #FridaysForFuture, das sagt die Wissenschaft.

Wann versteht ihr das endlich? https://t.co/nc0Es3RhTx"
99;1,22E+18;1;Was tun in Leipzig am Freitag? #FridaysForFuture am Abend. Informiert handeln zur Wahl. https://t.co/nkLnCIU0Ti
100;1,22E+18;2;"@NickHeubeck @faznet @janboehm Wer sich über Jan Böhmermann amüsiert, bei dem hat zuvor eine Hirnverschiebung stattgefunden.

Diskursverschiebung <U+0001F926><U+200D><U+2642><U+FE0F>

Naja, #FridaysForFuture eben. Was soll man da sagen?"
101;1,22E+18;1;Diese Regierung bringt mich noch um... Der so wichtige Kohleausstieg wird weiter verzögert! Herr .@peteraltmaier muss zurücktreten! #Kohle #Klimakrise #fridaysforfuture https://t.co/jCTbLae6Uk
102;1,22E+18;0;"<U+0001F1E6><U+0001F1F9>  Werkmänner <U+0001F602><U+0001F602><U+0001F602>, Schrift am Glas angeklebt.
@hubraum_fridays 
#FridaysForFuture 
#fridaysforhubraum
#fridaysforstucazz https://t.co/30ZRwOFUbl"
103;1,22E+18;1;"@SchonstW @Kittypunk7 Die ""Natrium-Reaktoren der IV Generation"" die einmal Atommüll recyceln und zu wertvollen neuen Brennstoff machen sollen, existieren zur Zeit nur in der Phantasie einiger Leute, obwohl schon seit den 60er Jahren über diese Konzepte geredet wird...

#FridaysForFuture

1/x"
104;1,22E+18;0;"@radio_ORANGE @linkswien Die Sendung @o94andi vom 17.1.2020 zum Nachhören: 
https://t.co/limxXCgjPZ
- Zurück in Wien: Gespräch mit Mülkiye Laçin 
- Alle Jahre wieder: FPÖ gegen Radio Orange
- Gegründet: @linkswien 
- #WorkersForFuture über #TürkisGrün
- Ausstellung: Verena Weninger und #FridaysForFuture"
105;1,22E+18;2;Eine derart langweilige Truppe diese  #FridaysForFuture , ohne Sinn
106;1,22E+18;2;"@BenFuernrohr @spenglerandreas @Jumpsteady @GretaThunberg Die Welt mit Milliarden von Menschen mit unterschiedlichsten Interessen ist wesentlich komplizierter als sie es gerade darstellen. Es gibt kein ""man"" und es gibt nicht ""den Karren"". Wer oder was soll das sein?
Das meine ich mit infantiler Politik.
#GretaThunberg #FridaysForFuture"
107;1,22E+18;0;"Lausanne, Switzerland <U+0001F49A><U+0001F1E8><U+0001F1ED>
#FridaysForFuture #ClimateActionNow #schoolstrike4climate #Youthstrikeforclimate
#ClimateCrisis https://t.co/V0O2MJxYog"
108;1,22E+18;2;"@HPunkt_SPunkt Mitten in einem Januar, in dem man im T-Shirt draußen auf der Terrasse, bei einer Tasse Kaffee, den Krokussen beim Wachsen zusehen kann, phantasieren die Wahnwichtel der Klimaleugner-Sekte von ""...global cooling...""

#FridaysForFuture"
109;1,22E+18;1;Ist doch auch in der Schweiz möglich! #Solarwirtschaft #Klimakrise #Atom #Solar #Speicher  #es2050 #Energiewende #10vor10 #Klimastreik #fridaysforfuture #Kernenergie #Wärme #waermeinitiative #Klimapaket #CO2Gesetz #NFP70/71 #srfarena #Energiestrategie https://t.co/1oA62AtaMO
110;1,22E+18;1;"""Ohne #FridaysForFuture hätten wir gar keinen #Klimanotstand und würden gar nicht all diese Themen diskutieren, die wir all die Jahre verschlafen haben."", verteidigt @FranziRiekewald die Schuldtreiks von @F4F_Leipzig auf der Podiumsdiskussion vom @BUND_Leipzig. #obmle20 https://t.co/ONhrDIebAH"
111;1,22E+18;0;@lhaztknup Aber was genau hat das mit dem Hashtag #fridaysforfuture zu tun!??
112;1,22E+18;1;Zentraler Baustein der #Energiestategie: Heizen ohne #CO2! #Solarwirtschaft #Klimakrise #Atom #Solar #Speicher  #es2050 #Energiewende #10vor10 #Klimastreik #fridaysforfuture #Kernenergie #Wärme #waermeinitiative #Klimapaket #CO2Gesetz #NFP70/71 #srfarena #Energiestrategie https://t.co/sRsn0NaqEP
113;1,22E+18;1;Genau, das ist der Beginn der Klimarevolution -Goodbye #Kohle und #Atom! #Solarwirtschaft #Klimakrise #Solar #Speicher  #es2050 #Energiewende #10vor10 #Klimastreik #fridaysforfuture #Kernenergie #Wärme #waermeinitiative #Klimapaket #CO2Gesetz #NFP70/71 #srfarena #Energiestrategie https://t.co/b0xo4v60K6
114;1,22E+18;0;"Die gestrige #FridaysForFuture Demo in Magdeburg hat den Straßenverkehr lahmgelegt, so kann man die Leute auch zum Umstieg auf den öffentlichen Nahverkehr bewegen, 
Ironie aus
aber genau mein Humor"
115;1,22E+18;1;"@Jan1977Jan @sixtus Woher beziehen Sie denn Ihre Desinformationen?

In Australien war es nicht ""kälter"", sondern Australien hatte um den Jahreswechsel herum die heißesten Tage seit Beginn der Wetteraufzeichnungen.

#FridaysForFuture"
116;1,22E+18;0;"Liebe @AfD, lieber Heimatminister, liebe @CDUCSUbt: Der #Klimawandel kann laut #UNO künftig ein #Asylgrund werden. Ist das immer noch kein Argument, endlich etwas Wirksames für den #Klimaschutz zu unternehmen?
#FridaysForFuture #Scientists4Future

https://t.co/UdOf50b7cC"
117;1,22E+18;2;"Lachen oder weinen?
#Gruene / #FridaysForFuture wollen in #Deutschland 
NO #erdöl  #akw  #Braunkohle  #verbrennungsmotoren #flugzeuge #fleisch

ABER #AKW #Strom aus Frankreich 
#Fliegen f eigene Bedarfe
#co2 - #Steuer; #Teilverstaatlichung #vorschriften 
https://t.co/9vQ0O4IdH0"
118;1,22E+18;2;"@HannesMegga @FridayForFuture @Die_Gruenen Wo bleibt Ihr Protest dagegen. Organisieren Sie was. Los, los!

Wichtige Dinge immer an andere delegieren wollen, anstatt es selbst zu machen ist etwas billig....

#FridaysForFuture"
119;1,22E+18;2;"@hannover4future @GretaThunberg Wenn #FridaysForFuture nicht politisch erwünscht wäre, würde man euch nicht einfach so demonstrieren und Schule schwänzen lassen.

In Frankreich gibt es echte Proteste. Leider wird darüber in den herkömmlichen Nachrichten nicht berichtet. Informiert euch!

#Acte62 #GiletsJaunes"
120;1,22E+18;0;@BorisNMoellers @LeonieBremer1 @carla_reemtsma @carla_reemtsma war wirklich nicht schlecht, @peteraltmaier verflucht die #FridaysForFuture sicherlich innerlich schon, und Carla hat sicher auch ein wenig von @LeonieBremer1 gelernt, sie war angenehm böse bissig.
121;1,22E+18;2;Oje Oje #FridaysforFuture!!! Wurde euch doch wieder von dem #mainstream @ARD @ZDF und den anderen Moloch ein Bär aufgebunden. https://t.co/yPGz7OGD0x
122;1,22E+18;0;"@Michi7112 @MKreutzfeldt @EU_Eurostat Diese Übersicht zeigt -wenn ich sie richtig verstehe- nicht die Reduktion der CO2-Emissionen, sondern den Anteil der EE am Primärenergieverbrauch.

#FridaysForFuture"
123;1,22E+18;2;"#Tamponsteuer 
Die Propfen müssten 10 Stück 
100€ kosten.
Mit dem Geld kann man das Klima und den #Klimawandel aufhalten. 
<U+0001F602><U+0001F601><U+0001F600>
Nich? 
Warum nicht? 
#FridaysforFuture ""Tanten"" wie #Greta und #Luisa können doch auch ihren Beitrag zum #Klimaschutz leisten.
Nicht nur schreien <U+0001F601>"
124;1,22E+18;2;"@CarloMasala1 @Disfosgen Diese Naivität durchdringt gerade die gesamte linke politische Klasse. #fff #FridaysForFuture #linke #gruene

So wenig Wissen und soviele Emotionen das ist schon erstaunlich."
125;1,22E+18;2;"#FridaysForFuture  @FridayForFuture  Wem noch nicht schlecht genug ist, der lese heute mal in der FAZ : ""Rekord für Ökostrom"" ... ""Erzeuger von Erneuerbaren erhalten eine so hohe Milliardenförderung wie noch nie.""

Die #Energiewende gewinner lachen sich über die Dummen halbtot. https://t.co/quMPllx6uM"
126;1,22E+18;0;Ich fahre gerade mit der @DB_Bahn zur #FridaysForFuture-Demo gegen #Datteln4 und möchte einfach nur laut schreien! <U+0001F926><U+200D><U+2640><U+FE0F> https://t.co/gu9jLi6uKQ
127;1,22E+18;1;"FFF Magdeburg heute auf der Straße gegen ne fette Nazi-Demo

#md1701 #MDEineStadtfueralle außer Nazis #mdblockiert #FridaysForFuture #Magdeburg"
128;1,22E+18;1;"Warum ist die Verhinderung fossiler Großprojekte so wichtig? - ""Weil es sich um sog. „Lock in“-Investitionen handelt. D.h. sie sperren uns wieder auf Jahrzehnte in einem klimaschädlichen Entwicklungspfad ein."" 
#DrittePiste #lobautunnel #FridaysForFuture 
https://t.co/X49xyKv5ug"
129;1,22E+18;2;"Immer wieder zitiert die @SZ was denn @GretaThunberg alles gesagt hat, in wohlfeilen Absätzen um die Spalte voll zu bekommen.
Nur bei den harten und erschreckenden Fakten (Zahlen) kneift die @SZ, nur keine Abonnenten verschrecken.

#Davos #FridaysForFuture
https://t.co/oyqISB4vM9"
130;1,22E+18;1;OK. #Klimawandel fängt bei jedem selbst an.  Mir fehlt  bei  #fridaysforfuture  der Wille neue Weg zugehen. Wer nur in Probleme denkt wird kein Problem lösen. Ziel muss sein die #Zukunftsgesellschaft zu bilden.
131;1,22E+18;1;"23.01. 21:45  Aktuell werden 17% des d. Strombedarfs (63,0 GW) aus regenerativen Quellen abgedeckt. Im Ranking aller Quellen liegen auf den ersten 5 Plätzen:

1. Kohle 51%
2. Gas 17%
3. Atom 13%
4. Wind 10%, 
5. Wasser 5%

Exporte 5,0 GW höher als Importe

#FridaysForFuture https://t.co/KQ98LwsXrj"
132;1,22E+18;1;"#nrw #hambibleibt 
Das ist ja ne spannende ""Lösung"" 
Wie kann es sein, trotz aller Warnungen von @sciforfuture ? #FridaysForFuture #ClimateChange #ClimateEmergency https://t.co/oo1lFpklym"
133;1,22E+18;1;"Beim #Klimastreik in Erlangen
1-Jahres-Jubiläum

#FridaysForFuture #Erlangen https://t.co/ZHb9POgBn5"
134;1,22E+18;0;@welt Die ganze Menschheit ist ein Klimafeind (auch und oft gerade die, die am lautesten auf der Straße brüllen #FridaysForFuture). Am besten bringen sich sofort alle um, dann is auch endlich Ruhe im Karton. Meine Güte! <U+0001F644>
135;1,22E+18;2;"""Donald Trump"" 
Der fähigste #Präsident den die USA jemals hatte.
Er nennt es beim Namen 
Schwarzseher wie #FridaysForFuture
sollen erst mal arbeiten gehen und auf das schauen was sie sich erarbeitet haben.
Demonstrieren ist kein Job."
136;1,22E+18;1;https://t.co/bcI7gxDigZ  ganzer Demozug bei der Demo in #Mainz am 17.1.20 #m1701 #Mainz1701 #dieuhrtickt #fridaysforfuture #ExtinctionRebellion #greenpeace #hambibleibt https://t.co/bEIJSySiOW
137;1,22E+18;0;"du weißt du hast noch ungelöste geschwisterkonflikte wenn dein Bruder dir ""aus Versehen"" ins gesicht kniet - volle karotte. #FridaysForFuture"
138;1,22E+18;2;"Hallo, liebe #Atomkraftgegner, stimmen eure Zahlen?

https://t.co/WRqSW74jxT

#FridaysForFuture @rahmstorf #Energiewende @VQuaschning @CKemfert @PIK_Klima @Die_Gruenen"
139;1,22E+18;0;"#FridaysForFuture #Climate

Wie umweltfreundlich sind E-Autos? 
Reichen die globalen Rohstoffe für sie ? 
Was zum Durchbruch der Stromer noch fehlt ...

https://t.co/5G64pMi39M"
140;1,22E+18;0;Das Steinkohlenbergwerk #Datteln4 läuft schon im Testbetrieb, soll im Sommer ans Netz. Dagegen demonstrieren heute u.a. #FridaysForFuture, @bund_net und @greenpeace_de. #kohleausstieg #NRW https://t.co/x1V6f1K7Vh
141;1,22E+18;0;#Verkehrsinfo | Die Teilnehmer der #FridaysForFuture Versammlung biegen gerade von der #BerlinerAllee kommend in den #Schiffgraben ein.
142;1,22E+18;2;"Der Trick ist einfach - nimm die Zahlen aus 2018 um eine These in 2020 zu belegen, vor Allem wenn die Zahlen aus 2019 nicht mehr so zielführend für die eigene These sind. 

Echt Drittklassige Taktik

#FridaysForFuture https://t.co/4nJxy0lJo1"
143;1,22E+18;0;"Der übliche Zustand der von Menschen vertilgten #Schweine macht die Klärung ihrer #Todesursache möglich.
https://t.co/6ZtOzKUixa
@RebelsAnimal @MercyForAnimals #Greenpeace @ExtinctionR #FridaysForFuture #ARTE"
144;1,22E+18;1;"<U+2764><U+0001F30E>24.01<U+0001F30E><U+2764><U+FE0F>

Weiter geht's mit dem Kampf für eine schöne Zukunft!<U+0001F525>

Um 11Uhr treffen wir uns am Rathaus in Bad Tölz!<U+262E>
Wer will kann gerne Skisachen oder Wintergewand mitbringen<U+2744><U+26F7>(aber absolut keine Verpflichtung)

#FridaysForFuture
#ClimateJusticeNow
#TogeterWeAreStronger https://t.co/ATaismBHwj"
145;1,22E+18;2;#FridaysForFuture ist so attraktiv, weil es die tragischen Dilemmas des menschlichen Schicksals komplett ausblendet. Sie lebt einen bequemen Moralismus der sich zwar gut anfülht aber ignorant ist und ins Verderben führt. Und zieht die falschen Schlüsse aus der Wissenschaft. <U+23F9><U+FE0F>
146;1,22E+18;0;"Wir bieten energiefachliche Unterstützung für #FridaysforFuture Ortsgruppen in NRW. Ab sofort können Workshop-Termine vereinbart und online Fragen zu #EerneuerbarenEnergien &amp; #Klimaschutz eingereicht werden. Mehr Infos: https://t.co/J01PhuGbph https://t.co/Jj9QTpI0iM"
147;1,22E+18;1;@Wetzelstrom @welt Abschalten, Abschalten, Abschalten... Nur dann kommt die Zukunft! In 20 Jahren verklagen wir die alle und fordern Entschädigungen von denen (Politiker, Gewerkschaften, Konzerne), für die dann verursachten Klimaschäden!  #FridaysForFuture
148;1,22E+18;0;@FridayForFuture @BMWi_Bund diese ähnlichkeit: #FridaysForFuture https://t.co/AORZHWrpTT
149;1,22E+18;1;"Ich mache diese Auflistung jetzt seit etwa einen halben Jahr fast täglich 1-2mal. 17% EE ist der bis jetzt schlechteste Wert. In den letzten Wochen waren es meist zwischen 40% &amp; 65%

Aber auch bei sehr wenig Wind exportieren wir Strom 

#FridaysForFuture 

https://t.co/vhO1th0f9C"
150;1,22E+18;0;@MuellerTadzio @JB_Sunshine_Ltd Wer in Physik nicht völlig gefehlt hat, sollte wissen, dass man mit Software lediglich marginale Verbesserungen erwirken kann. Alle anderen Behauptungen sind Dünnschiss fürs Volk. Bedenklich ist zudem, wie viele dem in Politik und Bevölkerung Glauben schenken. #FridaysForFuture
151;1,22E+18;2;"Physik-Professor Sigismund #Kobe: „Deutsche #Energiewende wird wie Seifenblase platzen“, ""Lobbyisten täuschen Bürger"",  ""Ausland macht Reibach – Deutsche Stromkunden zahlen"" :  https://t.co/BtzttwCkXE  <U+27A1><U+FE0F>#Blackout wie im #Sozialismus ? #FridaysForFuture #Kohleausstieg #nurnochAfD"
152;1,22E+18;0;"@CKoellmannZH @ElesRufus Wenn man gegen andere lästert, muss man mit Ironie vorsichtig sein. Sie wird leicht (und ganz zurecht) zum Bumerang....

#FridaysForFuture"
153;1,22E+18;2;#Fridaysforfuture damit Mami und Papi bald arbeitslos sind. #Grüne #Ökofaschismus #FFF #F4F #CO2Steuer https://t.co/XfTeiEgok9
154;1,22E+18;0;"<U+0001F1E9><U+0001F1EA>Energiebedarf
Mi 06:30 Uhr z Zt 63,4 GW
<U+0001F300>&amp;<U+0001F31E>liefern 15,3 GW
Kohle &amp;<U+269B><U+FE0F>31,8 GW

#Kohleausstieg #Klimakabinett #Energiewende #Scientist4Future #ParentsForFuture #FridaysForFuture #fridayforfuture
@cducsubt
@spdbt
@fdp
@Die_Gruenen
@CDUMerkel
@peteraltmaier
@ArminLaschet
@CKemfert https://t.co/3S5sj8575F"
155;1,22E+18;1;Wir sind heute in Mainz und streiken, unter dem Motto #dieUhrtickt. Nächsten Samstag demonstrieren wir mit @BonnXr! Also: stay tuned. #FridaysForFuture
156;1,22E+18;2;Man sieht, dass #FridaysForFuture weniger daran interessiert ist wirklich aktiv etwas für #Klimaschutz #Umweltschutz zu tun als vielmehr nur Unternehmen und/oder die Bundesregierung als #Umweltsau an zu prangern. https://t.co/3rd0BK9TBv
157;1,22E+18;0;@_phoeni @Virgen48 Bequemlichkeit hat über Erkenntnis gesiegt...#fff #Mainz #FridaysForFuture https://t.co/Db6utCXob5
158;1,22E+18;1;@thomaseisenhuth Keine schlechte Idee. Aber es setzt sich ja langsam auch gesamtgesellschaftlich durch, dass mit Kohle und Atom kein Blumentopf mehr zu gewinnen ist. #FridaysForFuture
159;1,22E+18;2;"@Unerwartet111 Zurück aus der Zukunft:
Eine 60-jährige #GretaThunberg kommt per Zeitmaschine aus der Zukunft und ruft: ""Glaubt meinem jüngeren Ich kein Wort! Hat sich alles als totaler Blödsinn entpuppt, ich habe die westliche Zivilisation in den Abgrund getrieben!""... #Greta #FridaysForFuture"
160;1,22E+18;1;"@breitenbach im #Soziopod Jahresrückblick über #FridaysForFuture:
""Das sind nicht einfach nur Kinder, die nicht zur Schule gehen und schwänzen... Die verbringen Zeit damit Demokratie zu leben.""

#weiseworte #gutezitat"
161;1,22E+18;1;"<U+0001F4E2> 2020 - jetzt oder nie<U+2757><U+FE0F>
Das Jahr 2020 wird das Entscheidungsjahr zur Einhaltung des Pariser Abkommens sein <U+26A0><U+FE0F>

<U+2728> 1 Jahr #FridaysforFuture Oldenburg! <U+2728>
Zeigt mit uns, dass wir unsere Kraft und Ausdauer noch lange nicht ausgeschöpft haben! <U+0001F30F><U+0001F4AA>

#Klimastreik #StudentsforFuture https://t.co/zNNfaIczVy"
162;1,22E+18;0;"In #alzey standen heute #Klimaschutz Aktivist*innen von #FridaysForFuture Schulter an Schulter mit der #antifa gegen Nazis. So muss das. 
#az1801 https://t.co/EQ3jJa3qqE"
163;1,22E+18;0;"Guten Morgen vom Hirschgarten<U+0001F44B><U+0001F60A>Der Sonntagsespresso 1.0 brodelt schon in der Kanne
#ohnemeinenphysiotherapeuten #therapeutenamlimit #gesundheitkämpft #patientenamlimit #aufstehen #wirsindmehr #unten #EineSorgeWeniger #heimatstern #FridaysForFuture <U+0001F4AA><U+0001F340><U+2764><U+FE0F> https://t.co/7DaNXil9Ol"
164;1,22E+18;0;"Sie sehen ""das Saarland"".
<U+0001F602><U+0001F602><U+0001F602><U+0001F602><U+0001F602>

#FFF #FridaysForFuture https://t.co/F6aRWLs0FP"
165;1,22E+18;2;"Weil so gern behauptet wird, die Verbrennung fossiler Energieträger sorge für eine Versauerung der Ozeane: Ist einer der vielen geandiosen Irrtümer der „Klimawissenschaft“.

#Klimawandel
#FridaysForFuture 
@greenpeace_de
@Die_Gruenen
@AfD

=&gt; https://t.co/YbbFTs1glU https://t.co/VNShbc0N52"
166;1,22E+18;1;"@pik „Ein wichtiges aktuelles Beispiel für d Potenzial gesellschaftlicher Dynamik ist d ‚#FridaysForFuture‘-Bewegung ...""
""Während sich verändert, wie wir über d Klimawandel denken und wie wir handeln, eröffnen sich auch politische Pfade zur Dekarbonisierung""

https://t.co/xMYJDE0My1"
167;1,22E+18;1;"Wenn irgendjemand wieder mal #FridaysForFuture Heuchelei vorwirft, soll der erst mal ein scheiß Feuerwehrauto per Hand ziehen. 
#dieUhrtickt https://t.co/SYV0cflj0a"
168;1,22E+18;1;Klimadiskussionen zeigen Wirkung: Grüne Aktien seit Anfang 2019 deutlich im Aufwind. Globaler Aktienindex für Erneuerbare Energien RENIXX World via Financial Times legt kräftig zu https://t.co/AgMErTdP9I #Finanzen #Klima #Klimawandel #FridaysForFuture #Aktien #Energiewende https://t.co/f84RsVwyN5
169;1,22E+18;1;#FridaysForFuture #fridaysforfuturehannover #hannover morgen am 17.1 get die zubringerdemo durch die #list !seit dabei https://t.co/s9u5aIzhfU
170;1,22E+18;0;"Als Rostocker Kriminalkommissar/in kann man sich anscheinend nur eine alte Spritschleuder leisten. 
#Polizeiruf110
#FridaysForFuture"
171;1,22E+18;0;"#FridaysForFuture #ard #zdf #diewelt #diezeit #faz #sz
Hier sind die Zahlen!
Bitte teilen und berichten. https://t.co/NN3e1Z04w8"
172;1,22E+18;1;"<U+0001F49A> 29. Januar | #FridaysForFuture-Verhandlungsrunde mit dem @TUBerlin-Präsidium. 15.00 Uhr, Hauptgebäude H 3021 (Energy in Motion/Alter Lesesaal).

Thema: Klimaschutzvereinbarung zwischen #TUBerlin und @RegBerlin 

Kommt vorbei und streitet für eine klimaneutrale Universität! https://t.co/9NqViZxf0d"
173;1,22E+18;0;"„Wenn die jeden Freitag demonstrieren wollen, dann machen wir eben Samstag wieder Schule, das ist doch kein Problem.“ ...und dann demonstrieren sie am Samstag. #FridaysForFuture 
Wolfang Schäuble hat das wohl etwas missverstanden. https://t.co/k3Ab3XfszH"
174;1,22E+18;0;"Möchte mal auf das aktuelle Profilbild vom @1FSVMainz05 hinweisen. Sehr geil! #Mainz05 #FridaysForFuture

https://t.co/H1Zny3ObVD"
175;1,22E+18;0;"@brainslicer @Luisamneubauer @parents4future Für gefährlich wird auch Donald Trump gehalten, und unter seinen Tweets wird auch viel getrollt. Von daher weiss ich nicht, ob das ein so erstrebenswerter Ruf ist.
#FridaysForFuture"
176;1,22E+18;0;"@Europolitikus 3/x

...Die monentan stattfindende Erwärmung läßt sich also mit den Milancovic Zyklen auf keinen Fall erklären.

3. Niemand bei #FridaysForFuture sagt einen Untergang der Menschheit in 18 Monaten voraus. Daß sie in diesem Zusammenhang von ""....geisteskranken klimabesessenen.."" .."
177;1,22E+18;1;"@GretaThunberg hat Recht!
- Gehört werden ist das eine
- Handeln etwas völlig anderes
und letzteres passiert einfach zu selten.

#FridaysForFuture #Klimakrise #DieErdeBrennt #Davos 

https://t.co/ppBQtmHHjL"
178;1,22E+18;1;#Fridaysforfuture und #Klimawandel: wir wollen alles zu jeder Zeit und möglichst billig. Was bleibt bei diesen Preisen für die #Landwirte / #Erzeuger übrig? Gerechter Lohn für die Arbeit? Kosten für Transportwege? Lösung: bewusst saisonal und regional einkaufen! #Treckerdemo https://t.co/xmUKVw19iP
179;1,22E+18;1;"Kennt ihr das noch, wie dreckig die Windschutzscheibe früher nach jeder Fahrt war? Heute ist sie das nicht mehr.
Es gibt vermutlich kein besseres Bild zur Veranschaulichung von Artensterben.

(Fakt: Insektenzahl schrumpfte in 27 Jahren um 75%)
#FridaysForFuture #Artensterben"
180;1,22E+18;2;"""Demokratisch legitimiert ist die Bewegung #FridaysForFuture bis heute nicht ... 
Ihr kommt insofern nicht mehr Mitspracherecht zu als jedem anderen #Bürger, auch jenen 73 %, für die das #Welt #klima nicht ganz oben auf der Liste der zu lösenden Probleme steht."" https://t.co/Zfb2mJ3ldH"
181;1,22E+18;2;"@merkwelten Tja, in ihrer kleinen Filterblase denkt man das.

In der wirklichen Welt ist ""Klimahysterie"" -ganz zurecht- das Unwort des Jahres.

#FridaysForFuture https://t.co/L6dA7KRKX1"
182;1,22E+18;1;"NÄCHSTER GLOBALER KLIMASTREIK?

Wann soll der nächste Gl. Klimastreik stattfinden. Im Moment scheint es da Verwirrung zu geben. In den USA und in Italien spricht man v. 24.04. (Earth Day), Kanada mobilisiert auf den 06.04. und die Schweiz auf den 15.05.

#FridaysForFuture"
183;1,22E+18;1;Bei der Kommunikationsleiter heißt es, Verständnis sei unumkehrbar. Vielleicht nennen Journalisten deshalb nicht die Zahlen, weil Politiker dann handeln müssten? Danke an #FridaysForFuture dass Ihr es verstanden habt und die Aufmerksamkeit hoch haltet! https://t.co/uZ1QNxWSHX
184;1,22E+18;1;Wir streiken weiter. Heute war die erste Demo 2020 in Jüchen. Ab jetzt jeden 3. Freitag im Monat. #FridaysForFuture #Datteln4Stoppen https://t.co/GRFSaMUC3j
185;1,22E+18;1;Good news #FridaysForFuture #Klimawende Frankreich schließt 14 Atomkraftwerke und setzt auf erneuerbare Energien https://t.co/tNvz2qwydN
186;1,22E+18;1;"Morgen gibt es ein Jahr Fridays For Future Dortmund, unser Geburtstag Endlich wieder auf dem Friedensplatz <U+0001F49A> Da wo alles angefangen hat! <U+270A> Wer dabei natürlich nicht fehlen darf ist die #wavelandgang und #karmachange 

 <U+0001F50A> #FridaysForFuture https://t.co/TiTagNjJS2"
187;1,22E+18;0;"So bringen Amerikaner Demokratie in Irak.
#FFF #FridaysForFuture #IranProtest2020 #ende_gelände #Deutschland #EUGreenDeal #Europe #irak #IraqProtests #IraqiRevolution #France #England 
#<U+0627><U+06CC><U+0631><U+0627><U+0646> #<U+0639><U+0631><U+0627><U+0642> https://t.co/GVYn7yohRb"
188;1,22E+18;0;Liebe Frau Bundeskanzlerin! Lassen Sie sich bitte beim Kohlekompromiss von externem Sachverstand (z. B. Matthes) leiten, wie Adenauer bei der Schaffung des Rentensystems. Er hat damals auch nicht auf die CDU Fraktion gehört... @die_regierung #FridaysforFuture @sciforfuture
189;1,22E+18;1;Auch wir sind heute bei der #FridaysForFuture Demo gegen #Datteln4 dabei! 2020 noch ein neues #Kohle-Kraftwerk ans Netz zu nehmen ist mit nichts zu rechtfertigen. #Kohleausstieg https://t.co/S02uNTM6IH
190;1,22E+18;1;"[13.58] Heute wollen mal wieder Nazis durch #Magdeburg laufen, um angeblich der Toten der Bombenangriffe vor 75 Jahren zu ""gedenken"". Wir wollen ihnen die Tour vermasseln. Macht ihr mir? Als erstes empfehlen wir euch die große Demo von #FridaysForFuture ab 15 Uhr HBF! #md1701 https://t.co/SC9DbuLfYA"
191;1,22E+18;0;"@twinny0310 @nikitheblogger An alle #FridaysForFuture Anhänger, 
hört Euch das hier aufmerksam an und denkt intensiv darüber nach: 
https://t.co/nXWseSpAYn  
#Klima #Umweltsau #UmweltsauOma"
192;1,22E+18;1;"Scientists warned Thursday that Earth is inching closer to disaster. #DoomsdayClock #FridaysForFuture 
Politiker! Zeit zum aufstehen! Wir warten immer noch auf ein anständiges Klimapaket, dass auch tatsächlich was bewegt, nicht die 0,06 Cent pro Tonne Co2!
https://t.co/JRG3xOZdPG"
193;1,22E+18;1;"Das ist aktuell meine einzige Hoffnung das Ruder noch schnell genug rumreißen zu können!

""Wer den #Klimawandel ignoriert und weitermacht wie bisher, der wird vom #Kapitalmarkt mit Zuwendungsentzug bestraft.""

#FridaysForFuture 

https://t.co/1Lk1SWVLCk"
194;1,22E+18;0;"Manche älteren Grüne-Woche-Gäste fühlten sich bspw. von #FridaysForFuture pauschal verurteilt und fanden, dass die konsumfreudige Jugend hier auch nicht wirklich als Vorbild dienen könne. 
Lasst uns zusammen bessere Rahmenbedingungen erkämpfen, für Jung und Alt!"
195;1,22E+18;1;"Danke @Toni_Mtt für deine Initiative! Vor einem Jahr habe ich zum ersten Mal bei einer Demo gesprochen. Am 20.09. dann vor 60.000. Heute sind wir immer noch laut und wir werden es bleiben! 
#FridaysForFuture https://t.co/R3AyLDkJzS"
196;1,22E+18;2;"@Baba86930106 <U+0001F44D>
Bringt viel nützliches
#CO2 für die Pflanzen
extra, in der Luft.
(<U+0001F333><U+0001F334><U+0001F332><U+0001F33B><U+0001F340><U+0001F33E>) <U+0001F493> CO2
<U+0001F609><U+0001F607>
#CO2istkeinSchadstoff
#CO2isNotaPollutant
#Klimawandel
#ClimateChangeIsReal #SCAM
<U+0001F914><U+0001F9D0>
#CO2Steuer-Abzocke <U+0001F624><U+0001F92C><U+0001F620>
#FridaysForFuture <U+0001F44E>"
197;1,22E+18;1;"@Sektenbeauftr Bei fortlaufender Klimakrise wird sich dies umdrehen. Je nachdem wie weit die Erhöhung der mittleren Erdtemperatur gehen wird, wird es zuerst zu einer deutlichen Verringerung der Anbauflächen kommen (+3 Grad), danach zur Unbewohnbarkeit mancher Gegenden (+4)
#FridaysForFuture"
198;1,22E+18;2;"#FridaysForFuture #merkel #spd #gruene #cdu #tagesschau #zdf #propaganda #diewelle #orwell #huxley

Mich persönlich erinnern diese FFF Demonstrationen immer an den Film 'Die Welle', und die massenmediale Begleitung an '1984' und die 'Schöne neue Welt'"
199;1,22E+18;2;@BB12_DE @W_fuerAlle Die #FridaysForFuture Kinder demonstrieren für Krieg und merken es garnicht!
200;1,22E+18;0;"<U+2066>@jakobblasel<U+2069> von #FridaysForFuture ist selbstbewusst:

„Es wurden viele gesellschaftliche Akteure mit einbezogen, es wurde von einem Konsens gesprochen. Wir, die Jugend, waren aber nicht beteiligt. Das ist kein Konsens!“

Ohne ihn kein Konsens. https://t.co/5ukuqUaRfL"
201;1,22E+18;1;#FridaysForFuture will dieses Jahr stärker auf Unternehmen einwirken und auf Systemfehler aufmerksam machen https://t.co/9wNLHjvWbu #Klimakrise #Kapitalismus
202;1,22E+18;1;"Pünktlich um 12 Uhr startete die fridays for future-Hauptkundgebung auf dem #Mainzer Gutenbergplatz. Derzeit sind laut Polizei rund 2000 Demonstranten vor Ort. #fff #FridaysForFuture
https://t.co/FCeKnvg1eU"
203;1,22E+18;0;Wenn öfter Dürre ist, muss man mehr Bewässern, mehr Überschwemmungen? Deiche bauen! Stürme? Sturmfeste Gebäude! Den #FridaysForFuture Kindern weis zu machen, WIR Menschen könnten das Klima beliebig ändern, führt direkt in den Größenwahn.
204;1,22E+18;0;"@Karl_Lauterbach Weder im Bundestag noch im Bundesrat gibt es dafür eine Mehrheit. Gleichzeitig erzählt man den Menschen, das würde alles sozialverträglich ablaufen. Was ihr beim CO2-Preis mehr zahlt, bekommt ihr an anderer Stelle zurück.

1 Jahr #FridaysForFuture trotzdem die meisten Flugreisen"
